class,sentence
ကောက်ချက်ချစကား,ကောက်ချက်ချမိတယ်
ကောက်ချက်ချစကား,ဂါထွက်နေတယ်
ကောက်ချက်ချစကား,စိတ်တိုချင်စရာပဲ
ကောက်ချက်ချစကား,စွန်းလန်းတယ်
ကောက်ချက်ချစကား,တည်ငြိမ်သူကြီး
ကောက်ချက်ချစကား,ဒီတစ်ခါမှန်မှာပါ
ကောက်ချက်ချစကား,နည်းတောင်နည်းသေးတယ်
ကောက်ချက်ချစကား,နားမလည်ကြဘူး
ကောက်ချက်ချစကား,နားလည်ကြသားပဲ
ကောက်ချက်ချစကား,ပျံထွက်နေတာပဲ
ကောက်ချက်ချစကား,မသိဘူးထင်တယ်
ကောက်ချက်ချစကား,မသိလောက်သေးဘူး
ကောက်ချက်ချစကား,မဟုတ်လောက်ဘူး
ကောက်ချက်ချစကား,မိုက်လုံးကြီးလိုက်တာ
ကောက်ချက်ချစကား,မှန်ဖို့များပါတယ်
ကောက်ချက်ချစကား,မှားဖို့များပါတယ်
ကောက်ချက်ချစကား,မှားဦးမှာပါ
ကောက်ချက်ချစကား,ရက်စက်လိုက်တာ
ကောက်ချက်ချစကား,ရိုက်ပေါက်ပဲ
ကောက်ချက်ချစကား,ရိုင်းလိုက်တာ
ကောက်ချက်ချစကား,လန်ထွက်နေတယ်
ကောက်ချက်ချစကား,လွဲမှာပါ
ကောက်ချက်ချစကား,သနားဖို့ကောင်းတယ်
ကောက်ချက်ချစကား,သိပြီးသားဖြစ်မှာပါ
ကောက်ချက်ချစကား,သေချာပါတယ်
ကောက်ချက်ချစကား,ဟုတ်မှာပါ
ကောက်ချက်ချစကား,အရမ်းရိုင်းတယ်
ကောက်ချက်ချစကား,အလန်းပါလား
ကဲ့ရဲ့စကား,ချဉ်ပေါင်းရိုးမ
ကဲ့ရဲ့စကား,ဂျင်းကောင်ကြီး
ကဲ့ရဲ့စကား,ငကြောက်ကြီး
ကဲ့ရဲ့စကား,ငကြောင်ပါကွာ
ကဲ့ရဲ့စကား,ငပိန်း
ကဲ့ရဲ့စကား,စောက်ထုံပဲ
ကဲ့ရဲ့စကား,စောက်ပေါ
ကဲ့ရဲ့စကား,ဆေးသမားဖြစ်မှာပါ
ကဲ့ရဲ့စကား,တုံးလိုက်တာ
ကဲ့ရဲ့စကား,ဒါလေးတောင်မသိဘူး
ကဲ့ရဲ့စကား,ဒီကောင်အခွင့်အရေးသမား
ကဲ့ရဲ့စကား,ဒူနေတာ
ကဲ့ရဲ့စကား,ပိုင်းလုံးမ
ကဲ့ရဲ့စကား,ဖျင်းလိုက်တာ
ကဲ့ရဲ့စကား,ဘာမှလည်းမသိဘူး
ကဲ့ရဲ့စကား,ရုပ်​ဆိုးလိုက်တာ
ကဲ့ရဲ့စကား,ရူးနေလားမသိဘူး
ကဲ့ရဲ့စကား,သာကူးပါကွာ
ကဲ့ရဲ့စကား,သိလည်းမသိဘူး
ကဲ့ရဲ့စကား,အရမ်းရုပ်ဆိုးတယ်
ကဲ့ရဲ့စကား,အလုပ်မရှိကြောင်ရေချိုးနေတယ်
ကဲ့ရဲ့စကား,အားအားယားယား
ကျေးဇူးစကား,ကျေးဇူး
ကျေးဇူးစကား,ကျေးဇူးတင်တယ်
ကျေးဇူးစကား,ကျေးဇူးပါ
ကျေးဇူးစကား,ကျေးဇူးပဲ
ကျေးဇူးစကား,ကျေးဇူးအများကြီးတင်တယ်
ကျေးဇူးစကား,ဘယ်လိုကျေးဇူးတင်ရမှန်းမသိဘူး
ကျေးဇူးစကား,အရမ်းကျေးဇူးတင်တယ်
ခနဲ့စကား,ဂေါက်နာလား
ခနဲ့စကား,ဂေါက်နေတာလား
ခနဲ့စကား,ဂွမ်းပြီ
ခနဲ့စကား,သူကသိပ်တော်တာဆိုတော့
ခနဲ့စကား,ဟာသပဲ
ခနဲ့စကား,အဲတော့ကပြရမလား
ခံစားချက်ပြစကား,ကားစီးချင်တယ်
ခံစားချက်ပြစကား,ကောင်းပြီလေ
ခံစားချက်ပြစကား,ကျေနပ်ပါတယ်
ခံစားချက်ပြစကား,ကြေကွဲနေတယ်
ခံစားချက်ပြစကား,ကြောက်ပါပြီ
ခံစားချက်ပြစကား,ခက်ပါတယ်ဗျာ
ခံစားချက်ပြစကား,ခုမှပဲစိတ်အေးရတယ်
ခံစားချက်ပြစကား,ချမ်းတယ်
ခံစားချက်ပြစကား,ချေတယ်နော်
ခံစားချက်ပြစကား,ဂိမ်းဆော့ချင်တယ်
ခံစားချက်ပြစကား,ဂျင်းလာထည့်နေတယ်
ခံစားချက်ပြစကား,ငိုချင်နေတာနော်
ခံစားချက်ပြစကား,စားချင်တယ်
ခံစားချက်ပြစကား,စိတ်ကောက်ပြီ
ခံစားချက်ပြစကား,စိတ်ရှုပ်တယ်
ခံစားချက်ပြစကား,ဆေးထိုးတယ်
ခံစားချက်ပြစကား,ဆေးပါကွာ
ခံစားချက်ပြစကား,တော်ချင်လိုက်တာ
ခံစားချက်ပြစကား,တွေ့ချင်လှပြီ
ခံစားချက်ပြစကား,နည်းနည်းတော့များသွားပြီ
ခံစားချက်ပြစကား,နားအေးချင်တယ်
ခံစားချက်ပြစကား,နားအေးပါးအေးနေချင်တယ်
ခံစားချက်ပြစကား,ပင်ပန်းတယ်
ခံစားချက်ပြစကား,ပူလိုက်တာ
ခံစားချက်ပြစကား,ပျင်းစရာကောင်းလိုက်တာ
ခံစားချက်ပြစကား,ပျင်းတယ်
ခံစားချက်ပြစကား,ပျင်းဖို့ကောင်းလိုက်တာ
ခံစားချက်ပြစကား,ပျင်းလိုက်တာ
ခံစားချက်ပြစကား,ဗိုက်ဆာတယ်
ခံစားချက်ပြစကား,ဘဝကခါးတယ်
ခံစားချက်ပြစကား,ရွံစရာကြီး
ခံစားချက်ပြစကား,လာဖောမနေနဲ့
ခံစားချက်ပြစကား,လိုချင်တယ်
ခံစားချက်ပြစကား,လိုချင်မိတယ်
ခံစားချက်ပြစကား,လွမ်းတယ်
ခံစားချက်ပြစကား,လွမ်းတာထက်ပိုပါတယ်
ခံစားချက်ပြစကား,ဝမ်းနည်းစိတ်ပျက်ဖို့ကောင်း
ခံစားချက်ပြစကား,သတိရနေတယ်
ခံစားချက်ပြစကား,သတိရလို့
ခံစားချက်ပြစကား,သာယာပါတယ်
ခံစားချက်ပြစကား,သာသာယာယာပါပဲ
ခံစားချက်ပြစကား,သိပြီသိပြီ
ခံစားချက်ပြစကား,သောက်ချင်တယ်
ခံစားချက်ပြစကား,သောက်ပိုတွေမလုပ်တတ်ပါ
ခံစားချက်ပြစကား,အသည်းကွဲနေတယ်
ခံစားချက်ပြစကား,အိပ်ချင်တယ်
ခံစားချက်ပြစကား,အိပ်လို့မပျော်ဘူး
ခံစားချက်ပြစကား,အိပ်လို့မရဘူး
ခံစားချက်ပြစကား,အိုက်တယ်
ခံစားချက်ပြစကား,အေးဆေးပါ
ခံစားချက်ပြစကား,အေးလိုက်တာ
ခံစားချက်ပြစကား,အဲ့လိုတော်ချင်တယ်
ချီးမွမ်းစကား,ကျွမ်းလှချည်လားကွာ
ချီးမွမ်းစကား,ချစ်စရာကောင်းတယ်
ချီးမွမ်းစကား,ချီးမွမ်းပါတယ်
ချီးမွမ်းစကား,ချောလိုက်တာ
ချီးမွမ်းစကား,ဂုဏ်ယူစရာပဲ
ချီးမွမ်းစကား,ဂုဏ်ယူပါတယ်
ချီးမွမ်းစကား,စွန်းမိုက်တယ်
ချီးမွမ်းစကား,စွန်းလန်းတယ်
ချီးမွမ်းစကား,တော်တယ်
ချီးမွမ်းစကား,တော်လိုက်တာ
ချီးမွမ်းစကား,ပယ်ဆိုးလို့လဲ
ချီးမွမ်းစကား,ပျံထွက်နေတာပဲ
ချီးမွမ်းစကား,ဘယ်ဆိုးလို့လဲ
ချီးမွမ်းစကား,မဆိုးပါဘူး
ချီးမွမ်းစကား,မိုက်တယ်
ချီးမွမ်းစကား,ရှယ်ပဲ
ချီးမွမ်းစကား,လန်ထွက်နေတယ်
ချီးမွမ်းစကား,လိမ္မာတယ်
ချီးမွမ်းစကား,လှတယ်
ချီးမွမ်းစကား,လှလိုက်တာ
ချီးမွမ်းစကား,အယ်လယ်ပယ်ဆိုးလို့လဲ
ချီးမွမ်းစကား,အရမ်းကောင်းတယ်
ချီးမွမ်းစကား,အရမ်းချောတယ်
ချီးမွမ်းစကား,အရမ်းတော်တာပဲ
ချီးမွမ်းစကား,အရမ်းမိုက်တယ်
ချီးမွမ်းစကား,အရမ်းလှတာပဲ
ချီးမွမ်းစကား,အလန်းပါလား
စိတ်ပျက်စကား,ကြောင်နေတာလား
စိတ်ပျက်စကား,စိတ်ဆင်းရဲတယ်
စိတ်ပျက်စကား,စိတ်ပျက်စရာ
စိတ်ပျက်စကား,စိတ်ပျက်တယ်
စိတ်ပျက်စကား,စိတ်လေတယ်
စိတ်ပျက်စကား,စောက်တလွဲပါကွာ
စိတ်ပျက်စကား,စောက်လုပ်ရှုပ်လိုက်တာ
စိတ်ပျက်စကား,စွန်းဝိတယ်
စိတ်ပျက်စကား,ဆိုးလိုက်တာ
စိတ်ပျက်စကား,တော်ပါ
စိတ်ပျက်စကား,တော်ပါတော့
စိတ်ပျက်စကား,တော်ယုံပဲကောင်းပါတယ်
စိတ်ပျက်စကား,ဒါလေးတောင်မသိဘူးလား
စိတ်ပျက်စကား,နားစမ်းပါ
စိတ်ပျက်စကား,နောက်နေတာလား
စိတ်ပျက်စကား,ပါတွေလယ်
စိတ်ပျက်စကား,ပိန်းလိုက်တာ
စိတ်ပျက်စကား,ဖြစ်ချင်တာဖြစ်တော့
စိတ်ပျက်စကား,ဖြစ်ချင်ရာဖြစ်
စိတ်ပျက်စကား,ဘာကြီးလဲ
စိတ်ပျက်စကား,ဘာမှလဲမတတ်ဘူး
စိတ်ပျက်စကား,ဘာလဲဟ
စိတ်ပျက်စကား,မစွံပါဘူး
စိတ်ပျက်စကား,မိုက်ရိုင်းတယ်
စိတ်ပျက်စကား,မှားပါတယ်
စိတ်ပျက်စကား,ရိုင်းလိုက်တာ
စိတ်ပျက်စကား,ရွံလိုက်တာ
စိတ်ပျက်စကား,လာမိတာမှားပြီ
စိတ်ပျက်စကား,လိုက်မိတာမှားပြီ
စိတ်ပျက်စကား,လွန်လွန်းတယ်
စိတ်ပျက်စကား,သွားပါပြီ
စိတ်ပျက်စကား,အရမ်းရိုင်းတယ်
စိတ်ပျက်စကား,အသုံးမကျဘူး
စွပ်စွဲစကား,ငါ့ကိုလာမလိမ်နဲ့
စွပ်စွဲစကား,နင်လိမ်နေတာ
စွပ်စွဲစကား,မညာနဲ့နော်
စွပ်စွဲစကား,မသွားဘူးမဟုတ်လား
စွပ်စွဲစကား,လိမ်နေတာမဟုတ်လား
စွပ်စွဲစကား,သွားတယ်မဟုတ်လား
စွပ်စွဲစကား,ဟုတ်ဘဲနဲ့
စွပ်စွဲစကား,ဟုတ်လည်းမဟုတ်ပဲနဲ့
ဆန့်ကျင်စကား,တော်တော်ညံ့တယ်
ဆန့်ကျင်စကား,မကြည့်ချင်ဘူး
ဆန့်ကျင်စကား,မကြားချင်ဘူး
ဆန့်ကျင်စကား,မကြိုက်ဘူး
ဆန့်ကျင်စကား,မဆိုင်ဘူး
ဆန့်ကျင်စကား,မပြောချင်ဘူး
ဆန့်ကျင်စကား,မမှန်ဘူး
ဆန့်ကျင်စကား,မလိုချင်ဘူး
ဆန့်ကျင်စကား,မလုပ်ချင်ဘူး
ဆန့်ကျင်စကား,မသိဘူး
ဆန့်ကျင်စကား,မဟုတ်ဘူး
ဆန့်ကျင်စကား,မှားတယ်
ဆန့်ကျင်စကား,မှားနေတယ်
ဆန့်ကျင်စကား,လွဲနေတယ်
ဆန့်ကျင်စကား,ဆန့်ကျင်ပါတယ်
ဆန့်ကျင်စကား,တိဝူးလေ
ဆန့်ကျင်စကား,ပြန်မလာနဲ့
ဆန့်ကျင်စကား,ဘာမှမလုပ်ဘူး
ဆန့်ကျင်စကား,မပြနဲ့
ဆန့်ကျင်စကား,မပြောနဲ့
ဆန့်ကျင်စကား,မပြောသင့်ပါ
ဆန့်ကျင်စကား,မလာနဲ့
ဆန့်ကျင်စကား,မလုပ်နဲ့
ဆန့်ကျင်စကား,မလုပ်သင့်ဘူး
ဆန့်ကျင်စကား,မသိဘူး
ဆန့်ကျင်စကား,မသွားနဲ့
ဆန့်ကျင်စကား,သဘောမတူပါဘူး
ဆန့်ကျင်စကား,သိဝူး
ဆုတောင်းစကား,ဆုတောင်ပါတယ်
ဆုတောင်းစကား,ဆုတောင်းပြည့်ပါစေ
ဆုတောင်းစကား,ထီပေါက်ပါစေ
ဆုတောင်းစကား,ပျော်ရွှင်ပါစေ
ဆုတောင်းစကား,ဖြစ်ပါစေ
ဆုတောင်းစကား,ဖြေနိုင်ပါစေ
ဆုတောင်းစကား,လိုချင်တာရပါစေ
ဆုတောင်းစကား,လိုတရပါစေ
ဆုတောင်းစကား,အိပ်မက်လှလှမက်ပါစေ
ဆုတောင်းစကား,အေးချမ်းပါစေ
ဆဲဆိုစကား,ချီးထုတ်
ဆဲဆိုစကား,ခွေးသား
ဆဲဆိုစကား,ခွေးသူခိုး
ဆဲဆိုစကား,ငလူး
ဆဲဆိုစကား,ငိုးမသား
ဆဲဆိုစကား,ငိုးလေး
ဆဲဆိုစကား,စပ
ဆဲဆိုစကား,စောက်ကလေး
ဆဲဆိုစကား,စောက်ရူး
ဆဲဆိုစကား,နင့်မေလင်
ဆဲဆိုစကား,နှမပေး
ဆဲဆိုစကား,ဖာ့ယူ
ဆဲဆိုစကား,ဖားခရု
ဆဲဆိုစကား,ဖျင်ခံချင်လို့လား
ဆဲဆိုစကား,ဘူးရှစ်
ဆဲဆိုစကား,ဘော
ဆဲဆိုစကား,ဘောပဲ
ဆဲဆိုစကား,ဘောဖြစ်နေတာလား
ဆဲဆိုစကား,ဘောလား
ဆဲဆိုစကား,မသာမ
ဆဲဆိုစကား,မအိမ်လုံး
ဆဲဆိုစကား,မိန်းမိန်ဆိုင်းဘုတ်
ဆဲဆိုစကား,မိမဆုံးမဖမဆုံးမ
ဆဲဆိုစကား,မြေနိုး
ဆဲဆိုစကား,ယီးဖြစ်လား
ဆဲဆိုစကား,လခွမ်း
ဆဲဆိုစကား,လခွီး
ဆဲဆိုစကား,လဥ
ဆဲဆိုစကား,လီးလား
ဆဲဆိုစကား,သူတောင်းစား
ဆဲဆိုစကား,အေရိုး
တိုက်တွန်းစကား,ကယ်ကြပါ
တိုက်တွန်းစကား,ကြိုက်တာယူ
တိုက်တွန်းစကား,ခွင့်လွှတ်လိုက်ပါ
တိုက်တွန်းစကား,ဂရုစိုက်
တိုက်တွန်းစကား,ဂိမ်းဆော့ကြမယ်
တိုက်တွန်းစကား,စာများများဖတ်ပါ
တိုက်တွန်းစကား,စောင်ခြုံထား
တိုက်တွန်းစကား,စောစောအိပ်ပါ
တိုက်တွန်းစကား,ဆေးသောက်ထားပါ
တိုက်တွန်းစကား,ဆေးသောက်လေ
တိုက်တွန်းစကား,ဆွဲကြစို့
တိုက်တွန်းစကား,ဆွဲမယ်လေ
တိုက်တွန်းစကား,တိုက်တွန်းပါတယ်
တိုက်တွန်းစကား,ထမင်းခူးပေး
တိုက်တွန်းစကား,ဒီမှာထိုင်ပါ
တိုက်တွန်းစကား,ဒီလိုမလုပ်နဲ့
တိုက်တွန်းစကား,ဒီလိုလုပ်ရမှာ
တိုက်တွန်းစကား,နွေးနွေးထွေးထွေးနေ
တိုက်တွန်းစကား,ပြန်မရှဲပါနဲ့
တိုက်တွန်းစကား,ပြန်ရှဲပေးပါ
တိုက်တွန်းစကား,ပြောကြစို့
တိုက်တွန်းစကား,ပြောင်းလဲချိန်တန်ပြီ
တိုက်တွန်းစကား,ဖုန်းဆက်ပါ
တိုက်တွန်းစကား,ဖုန်းမဆက်ပါနဲ့
တိုက်တွန်းစကား,ဖြည်းဖြည်းသွား
တိုက်တွန်းစကား,မတင်သင်းပါ
တိုက်တွန်းစကား,မပြရဘူးနော်
တိုက်တွန်းစကား,မသိမသာတိုးကြည့်
တိုက်တွန်းစကား,မသုံးနဲ့
တိုက်တွန်းစကား,မိတ်ဆက်ပေးပါ
တိုက်တွန်းစကား,မေးကြည့်ရအောင်
တိုက်တွန်းစကား,မြန်မြန်သွား
တိုက်တွန်းစကား,ရုပ်ရှင်ကြည့်မယ်
တိုက်တွန်းစကား,ရေခပ်ပေး
တိုက်တွန်းစကား,လမ်းခွဲရအောင်
တိုက်တွန်းစကား,လာခဲ့
တိုက်တွန်းစကား,လာခဲ့ပါလား
တိုက်တွန်းစကား,လာရအောင်
တိုက်တွန်းစကား,လာသွားမယ်
တိုက်တွန်းစကား,လုပ်ကြစို့
တိုက်တွန်းစကား,လုပ်ရအောင်
တိုက်တွန်းစကား,လျှောက်လည်ကြမယ်
တိုက်တွန်းစကား,ဝင်မပါနဲ့
တိုက်တွန်းစကား,ဝယ်ပေးပါ
တိုက်တွန်းစကား,သေချာဖတ်ပါ
တိုက်တွန်းစကား,သွားကြစို့
တိုက်တွန်းစကား,သွားရအောင်
တိုက်တွန်းစကား,အတူပြန်ကြစို့
တိုက်တွန်းစကား,အိပ်တော့
တိုက်တွန်းစကား,အေးဆေးနေပါကွာ
တောင်းဆိုစကား,ကူညီပါ
တောင်းဆိုစကား,ကူပေးပါ
တောင်းဆိုစကား,ကြည့်ပါရစေ
တောင်းဆိုစကား,ကြည့်မယ်နော်
တောင်းဆိုစကား,ကြည့်ပေးပါ
တောင်းဆိုစကား,တောင်းဆိုပါတယ်
တောင်းဆိုစကား,ထည့်ပေးပါ
တောင်းဆိုစကား,နည်းနည်းလောက်ပေးပါ
တောင်းဆိုစကား,နောက်တခေါက်လောက်
တောင်းဆိုစကား,ပိုက်ဆံပေးပါ
တောင်းဆိုစကား,ပိုက်​ဆံ​ချေးပါလား
တောင်းဆိုစကား,ပို့ပေးပါ
တောင်းဆိုစကား,ပေးပါဦး
တောင်းဆိုစကား,ပြန်လာပါတော့
တောင်းဆိုစကား,ဖြည့်ပေးပါ
တောင်းဆိုစကား,လာကြစို့
တောင်းဆိုစကား,လုပ်ပေးပါ
တောင်းဆိုစကား,လျှောက်လည်ကြစို့
တောင်းဆိုစကား,သွားကြစို့
တောင်းပန်စကား,ကန်တော့နော်
တောင်းပန်စကား,ခွင့်လွှတ်ပါ
တောင်းပန်စကား,စတာပါဗျာ
တောင်းပန်စကား,စိတ်မဆိုးနဲ့နော်
တောင်းပန်စကား,စိတ်မဆိုးပါနဲ့
တောင်းပန်စကား,စိတ်မရှိပါနဲ့
တောင်းပန်စကား,ဆောရီး
တောင်းပန်စကား,တစ်မျိုးမထင်ပါနဲ့
တောင်းပန်စကား,တမင်လုပ်တာမဟုတ်ပါဘူး
တောင်းပန်စကား,တောင်းပန်ပါတယ်
တောင်းပန်စကား,နောက်တစ်ခါမဖြစ်စေရပါဘူး
တောင်းပန်စကား,နောက်တာပါ
တောင်းပန်စကား,မရည်ရွယ်ပါဘူး
ထောက်ခံစကား,ကောင်းပါပြီ
ထောက်ခံစကား,ကြည့်လို့ကောင်းတယ်
ထောက်ခံစကား,ဂွတ်
ထောက်ခံစကား,ဆက်လုပ်ပါ
ထောက်ခံစကား,ထောက်ခံတယ်
ထောက်ခံစကား,မှန်တယ်
ထောက်ခံစကား,မှန်သွားပြီ
ထောက်ခံစကား,သဘောတူတယ်
ထောက်ခံစကား,သေချာတယ်
ထောက်ခံစကား,ဟုတ်တယ်
ထောက်ခံစကား,ဟုတ်ပါပီပယ်သူကပါပျော့နေလို့လဲ
ထောက်ခံစကား,အတိအကျပဲ
ထောက်ခံစကား,အားပေးပါတယ်
ထောက်ခံစကား,အိုကေ
ဒေါသစကား,ချမလား
ဒေါသစကား,ငါလုပ်မိတော့မယ်
ဒေါသစကား,ငါ့စိတ်ကိုလာမစနဲ့
ဒေါသစကား,ငါ့လုပ်လိုက်ရ
ဒေါသစကား,စမုံတုံးချင်နေပြီထင်တယ်
ဒေါသစကား,စိတ်တိုလာပြီနော်
ဒေါသစကား,တွေ့ကြသေးတာပေါ့ကွာ
ဒေါသစကား,ထိုးမလား
ဒေါသစကား,ဒေါသထွက်နေတယ်နော်
ဒေါသစကား,ဒေါသထွက်လာပြီနော်
ဒေါသစကား,နင်​ဒါ​တော့များပြီ
ဒေါသစကား,နားရင်းတီးခံရမယ်
ဒေါသစကား,နေစမ်းပါကွာ
ဒေါသစကား,ပါးရိုက်ခံရမယ်
ဒေါသစကား,ပေါက်ကွဲလာပြီ
ဒေါသစကား,ဘာကွ
ဒေါသစကား,ယီးဖြစ်နေတာလား
ဒေါသစကား,သေချင်လို့လား
ဒေါသစကား,သေလိုက်
နောက်ပြောင်စကား,ခလေးအဖေ
နောက်ပြောင်စကား,ခေးလေးရေ
နောက်ပြောင်စကား,ချေတယ်နော်
နောက်ပြောင်စကား,ဂျင်းကောင်
နောက်ပြောင်စကား,စော်ကြည်ဘဲ
နောက်ပြောင်စကား,စော်အလန်းလေး
နောက်ပြောင်စကား,ဆုတောင်းလေ
နောက်ပြောင်စကား,တောမှာသွားပြော
နောက်ပြောင်စကား,နောက်တာပါ
နောက်ပြောင်စကား,နှာဘူး
နောက်ပြောင်စကား,ပယ်သူကပါပျော့လို့လဲ
နောက်ပြောင်စကား,မတင်သင်းပါသောက်ရူ
နောက်ပြောင်စကား,မသာကောင်
နောက်ပြောင်စကား,မသာကြီး
နောက်ပြောင်စကား,မသာလောင်း​လေး
နောက်ပြောင်စကား,ရှောတော့မယ်ဆို
နောက်ပြောင်စကား,လန်းနေတာ
နောက်ပြောင်စကား,သာတယ်နော်
နောက်ပြောင်စကား,သာပါတယ်ကွာ
နောက်ပြောင်စကား,သေနာ
နောက်ပြောင်စကား,သေနာကြီး
နောက်ပြောင်စကား,သဲလေး
နောက်ပြောင်စကား,ဟဟပဲရမယ်
နောက်ပြောင်စကား,အချေတစ်လိုင်းနော်
နောက်ပြောင်စကား,အချေပဲ
နောက်ပြောင်စကား,အပျိုကြီး
နောက်ပြောင်စကား,အရူး
နောက်ပြောင်စကား,အာဘွား
နှုတ်ဆက်စကား,ဂွတ်နိုက်
နှုတ်ဆက်စကား,ဆီးယူ
နှုတ်ဆက်စကား,တာ့တာ
နှုတ်ဆက်စကား,နင်ငါ့ကိုမေ့လိုက်ပါတော့
နှုတ်ဆက်စကား,နောက်မှတွေ့မယ်
နှုတ်ဆက်စကား,နှုတ်ဆက်ပါတယ်
နှုတ်ဆက်စကား,ပြန်တော့မယ်
နှုတ်ဆက်စကား,ပြန်ပြီ
နှုတ်ဆက်စကား,ပြန်လိုက်ဦးမယ်
နှုတ်ဆက်စကား,ဘိုင်
နှုတ်ဆက်စကား,ဘိုင့်ဘိုင်
နှုတ်ဆက်စကား,လစ်ပြီ
နှုတ်ဆက်စကား,သွားတော့မယ်
နှုတ်ဆက်စကား,သွားပြီ
မိတ်ဆက်စကား,ကြွပါခင်ဗျ
မိတ်ဆက်စကား,ကွီး
မိတ်ဆက်စကား,ခင်​ချင်​လို့ပါ
မိတ်ဆက်စကား,ညလေး
မိတ်ဆက်စကား,ညီမ
မိတ်ဆက်စကား,ညီလေး
မိတ်ဆက်စကား,ညေး
မိတ်ဆက်စကား,တွေ့ရတာဝမ်းသာတယ်
မိတ်ဆက်စကား,နေကန်းလား
မိတ်ဆက်စကား,နေကောင်းလား
မိတ်ဆက်စကား,မင်္ဂလာပါ
မိတ်ဆက်စကား,မိတ်ဆက်ချင်လို့ပါ
မိတ်ဆက်စကား,မောနင်း
မိတ်ဆက်စကား,သားကြီး​ရေ
မိတ်ဆက်စကား,ဟယ်လို
မိတ်ဆက်စကား,ဟိတ်
မိတ်ဆက်စကား,ဟိုင်း
မိတ်ဆက်စကား,ဟေ့
မိတ်ဆက်စကား,ဟဲလို
မိတ်ဆက်စကား,ဟဲ့
မိတ်ဆက်စကား,ဟျောင့်
မိတ်ဆက်စကား,အစ်ကို
မိတ်ဆက်စကား,အစ်မ
မြည်တွန်စကား,စားတယ်နော်
မြည်တွန်စကား,စောင်ဆန်းကြီး
မြည်တွန်စကား,ဆန်းကြယ်ပြီလေ
မြည်တွန်စကား,ထပ်သရီး
မြည်တွန်စကား,ဒစ်လည်နေတယ်
မြည်တွန်စကား,ဒိုးခပါပဲ
မြည်တွန်စကား,နင့်မေကြီးတော်
မြည်တွန်စကား,နာလိုက်တာ
မြည်တွန်စကား,ပါဒေလယ်
မြည်တွန်စကား,ဘာလဲဟ
မြည်တွန်စကား,မင်းကလဲကွာ
မြည်တွန်စကား,လန့်လိုက်တာ
မြည်တွန်စကား,ဝိုးမိုက်တယ်
မြည်တွန်စကား,သေစမ်း
မြည်တွန်စကား,သေတော့မှာဘဲ
မြည်တွန်စကား,သေပြီလေ
မြည်တွန်စကား,သောက်ကျိုးနည်း
မြည်တွန်စကား,သောက်ဆန်းကြီး
မြည်တွန်စကား,အေးပါကွာ
မြည်တွန်စကား,ဪအေ
ရည်းစားစကား,ချစ်စရာလေး
ရည်းစားစကား,ချစ်တယ်ကွာ
ရည်းစားစကား,ချစ်တယ်လေနော့်
ရည်းစားစကား,ချစ်မိပြီကွယ်
ရည်းစားစကား,ငါ့အတွက်တော့မင်းကပထမ
ရည်းစားစကား,နင်လိမ်လည်းငါချစ်တယ်
ရည်းစားစကား,မချစ်ဘူးလား
ရည်းစားစကား,မင်းကအရမ်းလှတယ်
ရည်းစားစကား,မင်းကိုငါချစ်တယ်
ရည်းစားစကား,လွမ်းတယ်
ရည်းစားစကား,အချစ်ရူးလေးမို့ပါ
ရည်းစားစကား,အရမ်းလွမ်းနေပြီ
ဝမ်းနည်းစကား,ကြေကွဲတယ်
ဝမ်းနည်းစကား,ငိုချင်တယ်
ဝမ်းနည်းစကား,စိတ်ညစ်တယ်
ဝမ်းနည်းစကား,စိတ်ဓါတ်ကျတယ်
ဝမ်းနည်းစကား,စိတ်မကောင်းဘူး
ဝမ်းနည်းစကား,မပျော်ဘူး
ဝမ်းနည်းစကား,ဝမ်းနည်းစရာကြီး
ဝမ်းနည်းစကား,ဝမ်းနည်းမိတယ်
ဝမ်းနည်းစကား,အရမ်းခံစားရတယ်
ဝမ်းနည်းစကား,အသည်းကွဲနေပြီ
ဝမ်းမြောက်စကား,ခိခိ
ဝမ်းမြောက်စကား,ငိငိ
ဝမ်းမြောက်စကား,ပျော်စရာကြီး
ဝမ်းမြောက်စကား,ပျော်စရာပဲ
ဝမ်းမြောက်စကား,ပျော်လိုက်တာ
ဝမ်းမြောက်စကား,မိုက်တယ်ဟေ့
ဝမ်းမြောက်စကား,ရှိတ်လိုက်
ဝမ်းမြောက်စကား,ဝမ်းသာစရာပဲ
ဝမ်းမြောက်စကား,ဝမ်းသာလိုက်တာ
ဝမ်းမြောက်စကား,ဟားဟား
ဝမ်းမြောက်စကား,ဟိဟိ
ဝမ်းမြောက်စကား,ဟီဟီ
ဝမ်းမြောက်စကား,ဟီး
ဝမ်းမြောက်စကား,ဟေး
ဝမ်းမြောက်စကား,ဟဲဟဲ
ဝမ်းမြောက်စကား,အဟေး
အချိန်ပြစကား,ခဏ
အချိန်ပြစကား,ခုနှစ်
အချိန်ပြစကား,စက္ကန့်
အချိန်ပြစကား,တခါတလေ
အချိန်ပြစကား,တစ်အောင့်
အချိန်ပြစကား,ဒီနေ့
အချိန်ပြစကား,နာရီ
အချိန်ပြစကား,နောက်ရက်
အချိန်ပြစကား,ဘယ်တော့မှ
အချိန်ပြစကား,မနက်ဖြန်
အချိန်ပြစကား,မနေ့က
အချိန်ပြစကား,မနေ့တစ်နေ့
အချိန်ပြစကား,မိနစ်
အချိန်ပြစကား,ယနေ့
အချိန်ပြစကား,ရက်သတ္တပတ်
အချိန်ပြစကား,သဘက်ခါ
အချိန်ပြစကား,အမြဲတမ်း
အမိန့်ပေးစကား,ခိုင်းတဲ့အတိုင်းလုပ်
အမိန့်ပေးစကား,ငါပြောသလိုလုပ်
အမိန့်ပေးစကား,စာကျက်တော့
အမိန့်ပေးစကား,တော်တော့
အမိန့်ပေးစကား,မစားရဘူး
အမိန့်ပေးစကား,မပြောရဘူး
အမိန့်ပေးစကား,မလုပ်ရဘူး
အမိန့်ပေးစကား,မသွားရဘူး
အမိန့်ပေးစကား,ရပ်လိုက်
အမိန့်ပေးစကား,အခုချက်ခြင်းလုပ်
အမိန့်ပေးစကား,အခုသွားစမ်း
အမိန့်ပေးစကား,အလုပ်လုပ်
အမုန်းစကား,စောက်ကုလား
အမုန်းစကား,စောက်တောသား
အမုန်းစကား,စောင်ကလား
အမုန်းစကား,စောင်ကုလား
အမုန်းစကား,စောင်တောသား
အမုန်းစကား,စောင်ဗမှား
အမုန်းစကား,ဆောက်ကုလား
အမုန်းစကား,တောသား
အမုန်းစကား,ဓားနဲ့ထိုး
အမုန်းစကား,ဘုမယ်
အမုန်းစကား,မုန်းတယ်
အမုန်းစကား,မျိုးပြုတ်အောင်သတ်
အမုန်းစကား,မျိုးဖြုတ်ပြစ်
အမုန်းစကား,လူသတ်မယ်
အမုန်းစကား,ဝက်သားစား
အမုန်းစကား,သောက်ဗမာ
အမုန်းစကား,အကုန်သတ်ပြစ်
အမုန်းစကား,အောက်တန်းစားလား
အမေးစကား,ကြားသေးလား
အမေးစကား,ဂျေဝင်နေလား
အမေးစကား,ထိုင်မှာလား
အမေးစကား,ထီးပါလား
အမေးစကား,ထွက်ဦးမလား
အမေးစကား,ဒီနေ့ဘာဟင်းချက်လဲ
အမေးစကား,နိုင်လား
အမေးစကား,ပါလို့လဲ
အမေးစကား,ပျော်ရဲ့လား
အမေးစကား,ဖတ်ပြီးပြီလား
အမေးစကား,ဘယ်တော့လဲ
အမေးစကား,ဘယ်နေ့လဲ
အမေးစကား,ဘယ်လို
အမေးစကား,ဘယ်လိုဖြစ်တာလဲ
အမေးစကား,ဘယ်လိုလဲ
အမေးစကား,ဘယ်သူလဲ
အမေးစကား,ဘယ်သူ့အတွက်လဲ
အမေးစကား,ဘယ်သွားမလို့ပဲ
အမေးစကား,ဘယ်အချိန်လဲ
အမေးစကား,ဘာကြောင့်လဲ
အမေးစကား,ဘာစားမလဲ
အမေးစကား,ဘာစားရမလဲ
အမေးစကား,ဘာစီးရမလဲ
အမေးစကား,ဘာတုန်း
အမေးစကား,ဘာတဲ့တုန်း
အမေးစကား,ဘာတွလာမေးနေတာလဲ
အမေးစကား,ဘာနဲ့စားမလဲ
အမေးစကား,ဘာပြောလိုက်တယ်
အမေးစကား,ဘာဖြစ်တာလဲ
အမေးစကား,ဘာဖြစ်လို့တုန်း
အမေးစကား,ဘာလား
အမေးစကား,ဘာလုပ်
အမေးစကား,ဘာလုပ်နေလဲ
အမေးစကား,ဘာလုပ်ဖို့လဲ
အမေးစကား,ဘာလဲ
အမေးစကား,ဘာအတွက်လဲ
အမေးစကား,ဘီလိုလည်း
အမေးစကား,ဘူလဲ
အမေးစကား,မင်းနဲ့ဆိုင်လား
အမေးစကား,မပျော်ဘူးလား
အမေးစကား,မလည်ဘူးလား
အမေးစကား,မေးချင်တယ်
အမေးစကား,မေးပါရစေ
အမေးစကား,လာပြီလား
အမေးစကား,လိုက်မလား
အမေးစကား,သိမ်းထားလား
အမေးစကား,သောက်မလား
အမေးစကား,ဟုတ်လား
အမေးစကား,အဆင်ပြေလား
အမေးစကား,အပြင်သွားကြမလား
အမေးစကား,အဖော်ပါလား
အမေးစကား,အသိရှိလား
အမေးစကား,အိပ်နေလား
အမေးစကား,ဦးထုပ်ပါလား
အသိပေးစကား,ကုန်ပြီ
အသိပေးစကား,ကဲမယ်
အသိပေးစကား,ခက်တယ်
အသိပေးစကား,ခဏခဏရောက်တယ်
အသိပေးစကား,ခိုက်မိမယ်
အသိပေးစကား,ခေါင်းပေါ်ကျမယ်
အသိပေးစကား,စမ်းပေးမယ်
အသိပေးစကား,စမ်းမယ်
အသိပေးစကား,စာဖတ်နေတယ်
အသိပေးစကား,စားကောင်းသားပဲ
အသိပေးစကား,စားပြီးပြီ
အသိပေးစကား,စောင့်နေမယ်
အသိပေးစကား,စျေးသွားမယ်
အသိပေးစကား,တနေ့တခြားပိုဝလာတယ်
အသိပေးစကား,တိုက်မိမယ်
အသိပေးစကား,တွေ့ခဲ့တယ်
အသိပေးစကား,တွေ့လိုက်တယ်
အသိပေးစကား,ပြောလတ်မေလေ
အသိပေးစကား,ဖျားနေတယ်
အသိပေးစကား,မလွယ်ဘူး
အသိပေးစကား,မိတ်ဆက်ပေးမယ်
အသိပေးစကား,မိုးချုပ်ပြီ
အသိပေးစကား,မိုးမရွာဘူး
အသိပေးစကား,မိုးရွာနေတယ်
အသိပေးစကား,မိုးလင်းပြီ
အသိပေးစကား,မီးပျက်နေတယ်
အသိပေးစကား,မီးပျက်သွားပြီ
အသိပေးစကား,မီးမလာဘူး
အသိပေးစကား,မီးလာဘီ
အသိပေးစကား,မေးပေးမယ်
အသိပေးစကား,ရေချိုးနေတာ
အသိပေးစကား,ရောက်တော့မယ်
အသိပေးစကား,ရောက်နေပီ
အသိပေးစကား,ရောက်မယ်
အသိပေးစကား,ရောလိုက်မယ်
အသိပေးစကား,လိုင်းကျနေတယ်
အသိပေးစကား,လိုင်းမကောင်းဘူး
အသိပေးစကား,လုပ်ထားတယ်
အသိပေးစကား,လွယ်ပါတယ်
အသိပေးစကား,သတိထား
အသိပေးစကား,သဘောပဲ
အသိပေးစကား,သောက်နေတယ်
အသိပေးစကား,သောက်မယ်
အသိပေးစကား,သွားနေပြီလေ
အသိပေးစကား,သွားဖြစ်တယ်
အသိပေးစကား,သွားမယ်
အသိပေးစကား,ဟုတယ်
အသိပေးစကား,အိပ်တော့မယ်
အံ့သြစကား,ဒါဘာကြီးဒုန်း
အံ့သြစကား,ဖျားဖျား
အံ့သြစကား,ဗုဒ္ဓေါ
အံ့သြစကား,ဘာ
အံ့သြစကား,ဘုရားရေ
အံ့သြစကား,လက်လန်တယ်
အံ့သြစကား,လန်ထွက်နေတယ်
အံ့သြစကား,ဟင်
အံ့သြစကား,ဟမ်
အံ့သြစကား,ဟယ်
အံ့သြစကား,ဟာ
အံ့သြစကား,ဟိုက်
အံ့သြစကား,ဟေ
အံ့သြစကား,ဟောတော့
အံ့သြစကား,ဟောဗျာ
အံ့သြစကား,ဟဲ့
အံ့သြစကား,အမလေး
အံ့သြစကား,အို
